<?xml version="1.0"?>
<xml>
    <node addr = "192.168.136.172:16380">
        <node addr = "192.168.136.172:16381" />
        <node addr = "192.168.136.172:16382" />
    </node>
    <node addr = "192.168.136.172:16383">
        <node addr = "192.168.136.172:16384" />
        <node addr = "192.168.136.172:16385" />
    </node>
    <node addr = "192.168.136.172:16386">
        <node addr = "192.168.136.172:16387" />
        <node addr = "192.168.136.172:16388" />
    </node>
</xml>
